<?xml version="1" encoding="UTF-8" standalone="yes"?>
<addon id="plugin.video.DA_Wizard" name="Dave Approved Wizard" version="1" provider-name="Dave Mason">
  <requires>
    <import addon="xbmc.python" version="2.1.0"/>
  </requires>
  <extension point="xbmc.python.pluginsource" library="default.py">
        <provides>video executable</provides>
  </extension>
  <extension point="xbmc.addon.metadata">
    <summary lang="en">Dave Approved Wizard</summary>
    <description lang="en">Wizard for the Dave Approved F1 Build</description>
    <platform>all</platform>
  </extension>
</addon>
